source,target,weight
accepts,negotiator,1
body-parser,bytes,1
body-parser,iconv-lite,1
body-parser,raw-body,1
cookie,engine.io,1
cookie-signature,cookie-parser,1
debug,@azure/amqp-common,1
debug,@azure/cosmos,1
debug,@azure/event-hubs,1
debug,electron-download,1
debug,engine.io-client,1
debug,extract-zip,1
debug,log4js,1
debug,mocha,1
debug,ms,1
debug,mssql,1
debug,needle,1
debug,nodemon,1
debug,nugget,1
debug,rhea,1
debug,rhea-promise,1
debug,socket.io,1
debug,socket.io-client,1
debug,socket.io-parser,1
debug,streamroller,1
debug,sumchecker,1
debug,undefsafe,1
depd,tedious,1
express,accepts,1
express,array-flatten,1
express,body-parser,1
express,content-disposition,1
express,content-type,1
express,cookie,1
express,cookie-signature,1
express,debug,1
express,depd,1
express,encodeurl,1
express,escape-html,1
express,etag,1
express,express,1
express,finalhandler,1
express,fresh,1
express,merge-descriptors,1
express,methods,1
express,on-finished,1
express,parseurl,1
express,path-to-regexp,1
express,proxy-addr,1
express,qs,1
express,range-parser,1
express,safe-buffer,1
express,send,1
express,serve-static,1
express,setprototypeof,1
express,statuses,1
express,type-is,1
express,utils-merge,1
express,vary,1
finalhandler,unpipe,1
on-finished,ee-first,1
on-finished,morgan,1
proxy-addr,forwarded,1
proxy-addr,ipaddr.js,1
safe-buffer,basic-auth,1
safe-buffer,convert-source-map,1
safe-buffer,ecdsa-sig-formatter,1
safe-buffer,express-session,1
safe-buffer,jwa,1
safe-buffer,jws,1
safe-buffer,minipass,1
safe-buffer,mysql,1
safe-buffer,registry-auth-token,1
safe-buffer,request,1
safe-buffer,string_decoder,1
safe-buffer,tar,1
safe-buffer,tunnel-agent,1
safe-buffer,util,1
send,destroy,1
send,mime,1
setprototypeof,http-errors,1
type-is,media-typer,1
type-is,mime-types,1
