name,type,adjCount
@azure/amqp-common,library,0
@azure/cosmos,library,0
@azure/event-hubs,library,0
accepts,library,4
array-flatten,library,1
basic-auth,library,0
body-parser,library,11
bytes,library,0
content-disposition,library,2
content-type,library,2
convert-source-map,library,0
cookie-parser,library,0
cookie-signature,library,3
cookie,library,4
debug,library,28
depd,library,7
destroy,library,0
ecdsa-sig-formatter,library,0
ee-first,library,0
electron-download,library,0
encodeurl,library,4
engine.io-client,library,0
engine.io,library,0
escape-html,library,4
etag,library,2
express-session,library,0
express,library,30
extract-zip,library,0
finalhandler,library,8
forwarded,library,0
fresh,library,2
http-errors,library,0
iconv-lite,library,0
ipaddr.js,library,0
jwa,library,0
jws,library,0
log4js,library,0
media-typer,library,0
merge-descriptors,library,1
methods,library,1
mime-types,library,0
mime,library,0
minipass,library,0
mocha,library,0
morgan,library,0
ms,library,0
mssql,library,0
mysql,library,0
needle,library,0
negotiator,library,0
nodemon,library,0
nugget,library,0
on-finished,library,6
parseurl,library,4
path-to-regexp,library,1
proxy-addr,library,3
qs,library,3
range-parser,library,2
raw-body,library,0
registry-auth-token,library,0
request,library,0
rhea-promise,library,0
rhea,library,0
safe-buffer,library,16
send,library,15
serve-static,library,5
setprototypeof,library,2
socket.io-client,library,0
socket.io-parser,library,0
socket.io,library,0
statuses,library,4
streamroller,library,0
string_decoder,library,0
sumchecker,library,0
tar,library,0
tedious,library,0
tunnel-agent,library,0
type-is,library,4
undefsafe,library,0
unpipe,library,0
util,library,0
utils-merge,library,1
vary,library,1
